<configuration>

    <!-- Define the appenders -->

    <!-- Console Appender -->
    <appender name="CONSOLE" class="ch.qos.logback.core.ConsoleAppender">
        <encoder>
            <pattern>%d{HH:mm:ss.SSS} [%thread] %-5level %logger{36} - %msg%n</pattern>
        </encoder>
    </appender>

    <!-- File Appender -->
    <appender name="FILE" class="ch.qos.logback.core.FileAppender">
        <file>logs/fullstack-backend.log</file>
        <encoder>
            <pattern>%d{HH:mm:ss.SSS} [%thread] %-5level %logger{36} - %msg%n</pattern>
        </encoder>
    </appender>

    <!-- Define loggers -->

    <!-- Root Logger -->
    <root level="INFO">
        <appender-ref ref="CONSOLE"/>
        <appender-ref ref="FILE"/>
    </root>

    <!-- Specific Logger for the fullstack-backend package -->
    <logger name="com.demo.fullstackbackend" level="DEBUG" additivity="false">
        <appender-ref ref="FILE"/>
    </logger>

</configuration>
